{"Energy": [-3.886013163988577, -3.8755250608007605], "Variance": [0.00014124036860471484, 0.00029971478156602866], "std error": [1.4124036860471483e-05, 2.9971478156602866e-05]}